{"training_loss": 0.3546341359615326, "validation_loss": 0.4062861502170563, "training_accuracy": 0.8854, "best_epoch_validation_accuracy": 0.836, "best_epoch_validation_loss": 0.4062861502170563}