{"training_loss": 0.13120123744010925, "validation_loss": 0.25198107957839966, "training_accuracy": 0.9524, "best_epoch_validation_accuracy": 0.913, "best_epoch_validation_loss": 0.25198107957839966}