{"training_loss": 0.19438444077968597, "validation_loss": 0.3153548240661621, "training_accuracy": 0.934, "best_epoch_validation_accuracy": 0.869, "best_epoch_validation_loss": 0.3153548240661621}