{"training_loss": 0.17343825101852417, "validation_loss": 0.391169935464859, "training_accuracy": 0.9373, "best_epoch_validation_accuracy": 0.8773333333333333, "best_epoch_validation_loss": 0.29882556200027466}