{"training_loss": 0.09783914685249329, "validation_loss": 0.285839319229126, "training_accuracy": 0.9716, "best_epoch_validation_accuracy": 0.8906666666666667, "best_epoch_validation_loss": 0.285839319229126}