{"training_loss": 0.016337523236870766, "validation_loss": 0.5414507985115051, "training_accuracy": 0.9948, "best_epoch_validation_accuracy": 0.8916666666666667, "best_epoch_validation_loss": 0.4231562614440918}