{"training_loss": 0.154377281665802, "validation_loss": 0.2997659146785736, "training_accuracy": 0.9394, "best_epoch_validation_accuracy": 0.8903333333333333, "best_epoch_validation_loss": 0.2997659146785736}