{"training_loss": 0.34346020221710205, "validation_loss": 0.40517130494117737, "training_accuracy": 0.9704, "best_epoch_validation_accuracy": 0.887, "best_epoch_validation_loss": 0.40517130494117737}