{"training_loss": 0.1979731172323227, "validation_loss": 0.31549519300460815, "training_accuracy": 0.9404, "best_epoch_validation_accuracy": 0.867, "best_epoch_validation_loss": 0.31549519300460815}