{"training_loss": 0.23053818941116333, "validation_loss": 0.3196578025817871, "training_accuracy": 0.9334, "best_epoch_validation_accuracy": 0.868, "best_epoch_validation_loss": 0.33203834295272827}