{"training_loss": 0.2612406611442566, "validation_loss": 0.3245837092399597, "training_accuracy": 0.8962, "best_epoch_validation_accuracy": 0.87, "best_epoch_validation_loss": 0.3245837092399597}