{"training_loss": 0.6622795462608337, "validation_loss": 0.6623804569244385, "training_accuracy": 0.6294833333333333, "best_epoch_validation_accuracy": 0.6261, "best_epoch_validation_loss": 0.6623804569244385}