{"training_loss": 0.6941450238227844, "validation_loss": 0.6934546828269958, "training_accuracy": 0.49911666666666665, "best_epoch_validation_accuracy": 0.5, "best_epoch_validation_loss": 0.694225013256073}