{"training_loss": 0.1286027580499649, "validation_loss": 0.24416162073612213, "training_accuracy": 0.9576, "best_epoch_validation_accuracy": 0.9306666666666666, "best_epoch_validation_loss": 0.19438691437244415}