{"training_loss": 0.1228812113404274, "validation_loss": 0.2353702336549759, "training_accuracy": 0.9543333333333334, "best_epoch_validation_accuracy": 0.923, "best_epoch_validation_loss": 0.205307275056839}