{"training_loss": 0.23069821298122406, "validation_loss": 0.32604464888572693, "training_accuracy": 0.9722, "best_epoch_validation_accuracy": 0.8873333333333333, "best_epoch_validation_loss": 0.3398135006427765}