{"training_loss": 0.1407582312822342, "validation_loss": 0.28114181756973267, "training_accuracy": 0.9726, "best_epoch_validation_accuracy": 0.892, "best_epoch_validation_loss": 0.28114181756973267}